-- phpMyAdmin SQL Dump
-- version 4.7.4
-- https://www.phpmyadmin.net/
--
-- Host: 127.0.0.1:3306
-- Generation Time: Jan 14, 2019 at 06:42 AM
-- Server version: 5.7.19
-- PHP Version: 7.1.9

SET SQL_MODE = "NO_AUTO_VALUE_ON_ZERO";
SET AUTOCOMMIT = 0;
START TRANSACTION;
SET time_zone = "+00:00";

/*!40101 SET @OLD_CHARACTER_SET_CLIENT=@@CHARACTER_SET_CLIENT */;
/*!40101 SET @OLD_CHARACTER_SET_RESULTS=@@CHARACTER_SET_RESULTS */;
/*!40101 SET @OLD_COLLATION_CONNECTION=@@COLLATION_CONNECTION */;
/*!40101 SET NAMES utf8mb4 */;

DROP SCHEMA IF EXISTS `test_spm_db`;
CREATE SCHEMA IF NOT EXISTS `test_spm_db` DEFAULT CHARACTER SET utf8 COLLATE utf8_general_ci;
USE `test_spm_db`;

-- Course Table 
DROP TABLE IF EXISTS `Course`;
CREATE TABLE Course (
    Course_ID varchar(20) NOT NULL,
    Course_Name varchar(45) NOT NULL,
    Course_Desc varchar(255) NOT NULL,
    Course_Type varchar(10) NOT NUll,
    Course_Status varchar(15) NOT NUll,
    Course_Category varchar(50) NOT NUll,
    PRIMARY KEY (Course_ID)
);
-- population of data
insert into Course values 
("IS212",
"Software Project Management",
"Equipment student with knowledge about agile approach regarding software project development ",
"Type_1",
"Open",
"Course_Category_1")
,
("BAP101",
"Enterprise Business System",
"Enterprise Business System Description",
"Type_1",
"Open",
"Course_Category_1"),
("BAP102",
"Sales Management System",
"Sales Management System Description ",
"Type_1",
"Open",
"Course_Category_1"),
("BAP103",
"Busioness Process and Modeling",
"Busioness Process and Modeling Description",
"Type_1",
"Open",
"Course_Category_1");

-- --------------------------------------------------------
--
-- Table structure for table `skill`
--

DROP TABLE IF EXISTS `Skill`;
CREATE TABLE IF NOT EXISTS `Skill` (
  `Skill_ID` char(13) NOT NULL,
  `name` varchar(64) NOT NULL,
  PRIMARY KEY (`Skill_ID`)
) ENGINE=InnoDB DEFAULT CHARSET=utf8;

INSERT INTO `Skill` (`Skill_ID`, `name`) VALUES
('S001', 'Critical Thinking'),
('S002', 'People Management'),
('S003', 'Business Applications');
COMMIT;
-- --------------------------------------------------------
--
-- Table structure for table `Job_Role`
--
DROP TABLE IF EXISTS `Job_Role`;
CREATE TABLE Job_Role (
    Job_ID int NOT NULL auto_increment,
    Job_Role varchar(20) NOT NULL,
    Job_Title varchar(20) NOT NULL,
    Department varchar(20) NOT NUll,
    PRIMARY KEY (Job_ID)
);
-- population of data
insert into Job_Role values (1,"CEO","The big boss","C-suite"),(2,"Operations manager","Manager","operations"),(3,"Operations Slave","Staff","HR");

--
-- Table structure for table `Learning_Journey`
--

DROP TABLE IF EXISTS `Learning_Journey`;
CREATE TABLE IF NOT EXISTS `Learning_Journey` (
  `Learning_Journey_ID` int NOT NULL AUTO_INCREMENT,
  `Learning_Journey_Name` varchar(45) NOT NULL,
  `Staff_ID` int NOT NULL,
  `Description` varchar(256),
  PRIMARY KEY (`Learning_Journey_ID`)
) ENGINE=InnoDB DEFAULT CHARSET=utf8;

INSERT INTO `Learning_Journey` (`Learning_Journey_Name`, `Staff_ID`, `Description`) VALUES
('Learning Journey for Full Stack Developer Role', 1, 'lorem ipsum'),
('Learning Journey for Dummies', 1, 'lorem ipsum for dummies');
COMMIT;


--
-- Table structure for table `Learning_Journey_has_Course`
--

DROP TABLE IF EXISTS `Learning_Journey_has_Course`;
CREATE TABLE IF NOT EXISTS `Learning_Journey_has_Course` (
  `Course_ID` varchar(20) NOT NULL,
  `Learning_Journey_ID` int NOT NULL,
  PRIMARY KEY (`Course_ID`, `Learning_Journey_ID`),
  FOREIGN KEY (`Course_ID`) REFERENCES Course (`Course_ID`),
  FOREIGN KEY (`Learning_Journey_ID`) REFERENCES Learning_Journey (`Learning_Journey_ID`)

) ENGINE=InnoDB DEFAULT CHARSET=utf8;

INSERT INTO `Learning_Journey_has_Course` (`Course_ID`, `Learning_Journey_ID`) VALUES
('BAP101', 1),
('IS212', 1),
('BAP101', 2),
('BAP102', 2),
('BAP103', 2);

COMMIT;
/*!40101 SET CHARACTER_SET_CLIENT=@OLD_CHARACTER_SET_CLIENT */;
/*!40101 SET CHARACTER_SET_RESULTS=@OLD_CHARACTER_SET_RESULTS */;
/*!40101 SET COLLATION_CONNECTION=@OLD_COLLATION_CONNECTION */;


DROP TABLE IF EXISTS `Role_has_Skill`;
CREATE TABLE Role_has_Skill (
    Job_ID int NOT NULL,
    Skill_ID char(13) NOT NULL,
    CONSTRAINT Role_Job_ID FOREIGN KEY (Job_ID)
    REFERENCES Job_Role(Job_ID),
    CONSTRAINT Role_Job_Skill_ID FOREIGN KEY (Skill_ID)
    REFERENCES Skill(Skill_ID)
);

INSERT INTO `Role_has_Skill` VALUES
(1,'S001'),
(1,'S002'),
(2,'S002'),
(2,'S001');


DROP TABLE IF EXISTS `Course_has_Skill`;
CREATE TABLE Course_has_Skill (
    Skill_ID VARCHAR(13) NOT NULL,
    Course_ID varchar(20) NOT NULL,
    CONSTRAINT Skill_Course_ID FOREIGN KEY (Course_ID)
    REFERENCES Course(Course_ID),
    CONSTRAINT Course_Skill_ID FOREIGN KEY (Skill_ID)
    REFERENCES Skill(Skill_ID)
);

INSERT INTO `Course_has_Skill` VALUES
('S001', "IS212"),
('S002', "IS212"),
('S001','BAP101'),
('S002','BAP101'),
('S003','BAP101'),
('S003','BAP102'),
('S003','BAP103');

COMMIT;
